{
  "train_loss": [
    0.3090073239839548,
    0.11915940191245732,
    0.07394454250038576,
    0.0635598969269306,
    0.05753465868691181,
    0.052709856384793315,
    0.049109614921286474,
    0.04627553939728751,
    0.04399327344988617,
    0.042319307098091556,
    0.04138979419930003,
    0.03977492068947992,
    0.03843472313735985,
    0.03737290739152569,
    0.03663642868671374,
    0.03572446540405685,
    0.034564553819438244,
    0.03420940612224822,
    0.03293326965853074,
    0.03208803253016211,
    0.03176508346815964,
    0.031068532855043296,
    0.03038269639196367,
    0.029926212170475523,
    0.029552529189497866,
    0.029456488731512544,
    0.028714943779094605,
    0.028171599868084884,
    0.027889821984122952,
    0.02739603095051003,
    0.02704406371142002,
    0.026813161454664537,
    0.026557072351678163,
    0.026212967564224473,
    0.025706349127560764,
    0.025446227901702957,
    0.02519895015199496,
    0.024978465561989956,
    0.02449799805743716,
    0.02436946954091269,
    0.024051761684944925,
    0.02438514850648703,
    0.023625749517175564,
    0.023374922443351123,
    0.023005997150638183,
    0.02291359566718249,
    0.022668720248486495,
    0.022622768209516822,
    0.022533691785436995,
    0.0220838233568114
  ],
  "val_loss": [
    0.20593734148969042,
    0.09737124008701202,
    0.07075834401110385,
    0.06380766027785362,
    0.05977749523330242,
    0.05610315660212902,
    0.05337166469147865,
    0.04962934870669182,
    0.048849130723070594,
    0.052317240136734985,
    0.046569916637654,
    0.04596283318514519,
    0.045551612973213196,
    0.04195215061624,
    0.04398850145492148,
    0.03906625009914662,
    0.04189239854508258,
    0.03547015278897387,
    0.03481140922992788,
    0.03495845214483586,
    0.033811722347076904,
    0.033310048678453934,
    0.03292582033479467,
    0.03381598082945702,
    0.04068904940752273,
    0.031705387015926075,
    0.030822977502929404,
    0.031732925867780724,
    0.03117998221770246,
    0.030936433121244958,
    0.032817840179864395,
    0.03150233158722837,
    0.03221942959947789,
    0.030515235551494234,
    0.02860497778400462,
    0.02838630328311565,
    0.029334362992580902,
    0.028097253530583483,
    0.028113606128286808,
    0.029383528938001776,
    0.031188779530373027,
    0.028240476913274602,
    0.02676495077445152,
    0.026634291607014676,
    0.02705443872416273,
    0.026443391840191597,
    0.029291872331436646,
    0.030603223341576596,
    0.02705872153982203,
    0.025404841381501644
  ]
}