{
  "train_loss": [
    0.34132600038971944,
    0.13591965398889908,
    0.07570675488753884,
    0.06228152794995569,
    0.05713011693537779,
    0.053527911032315086,
    0.05036815446107946,
    0.048133658896282454,
    0.045790355278909387,
    0.04413444606592952,
    0.043049849683028225,
    0.041123577888975756,
    0.039815786229531455,
    0.03871064182472809,
    0.037883171806038334,
    0.036768234541532115,
    0.03612821289878848,
    0.034937325763122654,
    0.03425608417953401,
    0.03327109613724755,
    0.03334365844001886,
    0.032049790738110845,
    0.03144004746229815,
    0.030744723975658417,
    0.03024621479394407,
    0.029674414182959356,
    0.02926746742250709,
    0.028746305446856652,
    0.028394525604588643,
    0.027835399789967796,
    0.027564308699503496,
    0.027129771640824328,
    0.026968426407968746,
    0.02647123485803604,
    0.02608487186642041,
    0.02575062695426419,
    0.025496681014183443,
    0.02542050497600735,
    0.02487907619824163,
    0.024636514937805186,
    0.02442344591180061,
    0.024204029166635048,
    0.024047669940444112,
    0.02387394456583497,
    0.02348646789358923,
    0.023354980868137355,
    0.02345101273757346,
    0.02289415246560762,
    0.02289857700648279,
    0.022613872182314882
  ],
  "val_loss": [
    0.17196730032880256,
    0.09220845299832364,
    0.06897025951679717,
    0.061924748756784075,
    0.05785091142071054,
    0.05462574078998667,
    0.05320642317863221,
    0.048075208955622735,
    0.04642078597494896,
    0.046467497865570355,
    0.044466255985675975,
    0.04230670733971799,
    0.04100136546061394,
    0.041429378171550464,
    0.03884588150267906,
    0.04141446052396551,
    0.037405360886391174,
    0.03617650421058878,
    0.034824866960023314,
    0.03736802301508315,
    0.035198874137503035,
    0.033365458963399236,
    0.03301080490680451,
    0.03275112704710757,
    0.03138276173713359,
    0.032052299285188636,
    0.031580432615381605,
    0.030952891374522066,
    0.029887738340395563,
    0.030084980057275043,
    0.030064697516091327,
    0.029767890163558595,
    0.02920582636873773,
    0.02865009421997882,
    0.028757579228345383,
    0.02780794471185258,
    0.02926510398058181,
    0.027428634623263743,
    0.027575559280020125,
    0.02669025862470586,
    0.02684996526767599,
    0.02732407606821111,
    0.027781676580297187,
    0.02570668695137856,
    0.0261271337562419,
    0.027584099626921592,
    0.025703885176397386,
    0.026203571363015377,
    0.02517826569841263,
    0.025435268522260038
  ]
}