{
  "train_loss": [
    0.2659115059850426,
    0.11384549913616528,
    0.08312326468142332,
    0.07502880144445367,
    0.07101579409058696,
    0.06715962492314516,
    0.0644716801840846,
    0.0618600346782106,
    0.05990492088272941,
    0.05843756443008463,
    0.05643864752764397,
    0.05502319569192759,
    0.05295952269099766,
    0.05125107406709332,
    0.05016992807297721,
    0.04854761510181572,
    0.047614540689622016,
    0.04753119219943745,
    0.04700686721453913,
    0.045203655856268024,
    0.04403783281342237,
    0.043129392398526964,
    0.042346360903561656,
    0.04374383650380427,
    0.0419157432069532,
    0.04022162471045839,
    0.039634870031231444,
    0.040448939999548496,
    0.03968554033153325,
    0.038707273550852454,
    0.03835505117466928,
    0.03820662465410754,
    0.0382503006595971,
    0.037370216271254066,
    0.03632829619124305,
    0.036892605973775625,
    0.036552518662801264,
    0.035474590991133974,
    0.0354332265735669,
    0.03494052635364257,
    0.034262034260755615,
    0.03425847903165774,
    0.034025346639489695,
    0.033752860688239246,
    0.03297157197239551,
    0.032807512990111275,
    0.03231903767966209,
    0.03194580654016382,
    0.03201437950994831,
    0.031273906891967386,
    0.03114130206994916,
    0.03102446750576373,
    0.03071717841488431,
    0.03034651364372494,
    0.030359944645711717,
    0.029954435734083948,
    0.029819428207392387,
    0.029625232356931663,
    0.02934808426714958,
    0.028850051741424302,
    0.028603972572731392,
    0.028503577380602482,
    0.028215955008715845,
    0.028373328702790395,
    0.02815486207083547,
    0.027973332971696796,
    0.027786565287814313,
    0.027822575885745892,
    0.027154645658916253,
    0.02684951885560907,
    0.02694018991907498,
    0.026643116955608583,
    0.026766615826353476,
    0.026639358584958733,
    0.026535646570987975,
    0.026531224894849725,
    0.02635464559119523,
    0.025832233893880365,
    0.02577590825755183,
    0.025783988859470492,
    0.025608921616046623,
    0.025415290418819816,
    0.025355641178130016,
    0.025405088150845474,
    0.025154383768154858,
    0.025398056999437715
  ],
  "val_loss": [
    0.14074815429271537,
    0.08833676877808064,
    0.07906639021127781,
    0.07532794551646456,
    0.07230834187345302,
    0.06808459092961981,
    0.06501757765704012,
    0.06158321239846818,
    0.05860980679380133,
    0.057512430910100325,
    0.05679688356975292,
    0.053551304213544156,
    0.05206031193758579,
    0.05451067330989432,
    0.052062820088356096,
    0.05033537372946739,
    0.05000355570240224,
    0.04976886574258196,
    0.04997219319673295,
    0.04441292790022302,
    0.04488531626919483,
    0.04540871923908274,
    0.046399241907799496,
    0.04551227707812126,
    0.04227529910016567,
    0.04188412808357401,
    0.042401046432713245,
    0.04228057474532026,
    0.04400311806734572,
    0.04228506807951217,
    0.04152122623425849,
    0.042099581278385,
    0.04199386277097337,
    0.03800517098700747,
    0.04014220413692454,
    0.04279521963697799,
    0.03744814846109837,
    0.036587843235502855,
    0.035620635335749766,
    0.034682784705085956,
    0.034988179565110106,
    0.03714069137547878,
    0.037933451222612505,
    0.03589456235157683,
    0.03537002031473403,
    0.03800038224522104,
    0.03544400006215623,
    0.034888311903527446,
    0.03516136442727231,
    0.03404754630111633,
    0.033238226825252494,
    0.03552998816396328,
    0.031983201491071825,
    0.033139875515344294,
    0.03314562617464269,
    0.0322319857300596,
    0.034394840769311215,
    0.033093085948457106,
    0.03255003849242596,
    0.03155099014018444,
    0.03263945401983058,
    0.032776833373181366,
    0.03077944130339521,
    0.03378778941770817,
    0.030734853937904885,
    0.031637596877965524,
    0.030021466711100113,
    0.031397631352252146,
    0.03009867751376426,
    0.03127506082045271,
    0.029608880506551014,
    0.03012735666112697,
    0.03095597000990776,
    0.03304248929340789,
    0.030912800672206472,
    0.03157606887373519,
    0.030146416950416057,
    0.03218317348906334,
    0.03089633473056428,
    0.029904825731794885,
    0.030420949325916616,
    0.030003285075121736,
    0.03141429251495828,
    0.031879259313040594,
    0.02989767384814455,
    0.03181713446974754
  ]
}